Trigram,2022,2021,2020,2019,2018
graph neural network,1,3,4,9,44
deep neural network,2,2,2,2,2
deep reinforcement learning,3,5,3,4,4
convolutional neural network,4,1,1,1,1
multiple input multiple (output),5,6,7,6,5
generative adversarial network,6,4,5,3,3
natural language processing,7,7,9,15,14
3d object detection,8,19,24,31,142
bidirectional encoder representation (transformer),9,8,6,10,513
massive multiple input,10,9,14,11,8
pre-trained language model,11,18,40,105,511
unmanned aerial vehicle,12,13,13,8,9
multi-agent reinforcement learning,13,16,19,25,64
large language model,14,114,967,759,792
simultaneous localization mapping,15,17,22,22,15
spiking neural network,16,22,20,30,60
automatic speech recognition,17,23,42,23,41
named entity recognition,18,21,16,16,22
deep learning model,19,24,18,42,24
neural machine translation,20,10,8,7,7
neural architecture search,21,12,12,14,52
graph convolutional network,22,11,11,12,25
machine learning model,23,27,36,47,98
unsupervised domain adaptation,24,15,25,24,42
neural radiance field,25,60,317,921,777
offline reinforcement learning,26,39,171,741,805
3d point cloud,27,34,29,35,35
graphic processing unit,28,25,23,20,18
model predictive control,29,40,63,32,17
multiple output system,30,20,45,27,16
visual question answering,31,31,26,34,21
recurrent neural network,32,14,10,5,6
medical image segmentation,33,37,70,73,78
physics-informed neural network,34,93,158,384,788
explainable artificial intelligence,35,36,76,124,385
stochastic gradient descent,36,26,15,18,19
time series forecasting,37,44,87,136,249
human pose estimation,38,32,30,37,36
markov decision process,39,41,34,28,26
deep learning approach,40,33,27,29,20
neural network training,41,52,33,39,39
graph representation learning,42,57,55,108,184
systematic literature review,43,54,64,75,170
causal language interpretation (generation),44,125,1024,906,791
channel state information,45,79,61,76,40
fake news detection,46,59,94,95,327
reinforcement learning approach,47,56,46,57,48
reconfigurable intelligent surface,48,30,35,155,647
non-orthogonal multiple access,49,28,21,17,12
monocular depth estimation,50,64,71,54,76
pretrained language model,51,51,85,186,781
salient object detection,52,49,37,48,74
natural language understanding,53,43,50,58,119
partial differential equation,54,87,123,98,168
electronic health record,55,61,48,44,57
multivariate time series,56,77,65,222,206
ordinary differential equation,57,71,78,128,148
remote sensing image,58,74,75,70,34
red green blue,59,42,52,26,27
object pose estimation,60,155,107,110,109
artificial neural network,61,38,49,36,38
support vector machine,62,119,39,40,23
facial expression recognition,63,94,59,101,54
long short-term memory,64,29,17,13,10
3d human pose,65,48,44,56,45
click-through rate prediction,66,86,98,160,365
natural language inference,67,78,62,55,49
machine learning approach,68,58,51,45,43
cell-free massive multiple,69,46,124,107,145
human activity recognition,70,91,73,68,63
neural network inference,71,85,104,60,81
natural language generation,72,67,79,51,115
integrated sensing communication,73,312,1032,931,796
magnetic resonance imaging,74,50,43,21,13
neural network model,75,35,32,43,28
graph contrastive learning,76,190,773,936,786
neural network accelerator,77,106,112,134,125
intrusion detection system,78,65,84,81,65
high performance computing,79,45,41,46,33
knowledge graph completion,80,202,108,133,341
scene graph generation,81,123,200,554,326
speech emotion recognition,82,109,173,340,99
video object segmentation,83,89,57,53,47
application programming interface,84,66,74,65,66
synthetic aperture radar,85,120,134,190,129
spoken language understanding,86,90,88,82,107
personalized federated learning,87,140,398,909,801
machine learning algorithm,88,126,67,130,214
field-programmable gate array,89,72,38,50,30
inverse reinforcement learning,90,95,82,64,67
hate speech detection,91,80,130,286,322
deep convolutional neural,92,53,31,19,11
image quality assessment,93,148,240,139,234
language processing model,94,121,129,406,491
monocular 3d object,95,110,331,287,435
neural ordinary differential,96,96,169,444,696
radio access network,97,100,91,74,53
point cloud registration,98,55,264,284,271
video anomaly detection,99,205,281,482,698
model-based reinforcement learning,100,70,53,99,166
implicit neural representation,101,371,864,946,787
directed acyclic graph,102,133,365,138,146
bayesian neural network,103,76,95,71,173
graph attention network,104,75,83,83,471
supervised contrastive learning,105,184,732,1016,780
time series data,106,163,86,96,202
multiple instance learning,107,323,193,250,164
open source software,108,196,256,408,228
visual simultaneous localization,109,142,144,183,187
few-shot object detection,110,144,155,776,704
traveling salesman problem,111,136,72,91,61
federated learning framework,112,101,369,666,778
deep learning method,113,98,96,131,117
deep metric learning,114,81,68,61,130
mobile edge computing,115,69,58,67,58
deep learning framework,116,63,66,84,50
object detection transformer,117,328,592,1007,804
safe reinforcement learning,118,253,216,170,217
local differential privacy,119,178,132,89,182
membership inference attack,120,170,147,302,586
knowledge graph embedding,121,128,182,79,174
visual representation learning,122,124,463,398,789
self-supervised representation learning,123,122,239,502,806
monte carlo tree,124,112,97,204,77
machine reading comprehension,125,88,56,94,82
6d pose estimation,126,449,311,335,470
skeleton-based action recognition,127,191,114,276,208
lidar point cloud,128,193,111,137,315
vertical federated learning,129,169,394,738,802
machine learning method,130,145,93,354,209
multiple output channel,131,132,260,200,89
carlo tree search,132,116,101,199,79
masked image modeling,133,1023,1016,1019,794
unsupervised anomaly detection,134,252,283,329,259
high dynamic range,135,250,585,267,106
weakly supervised semantic,136,165,356,161,258
supervised semantic segmentation,137,164,391,196,226
reinforcement learning framework,138,159,304,174,248
dialogue state tracking,139,141,115,162,344
optical character recognition,140,105,140,142,112
neural network architecture,141,82,47,33,37
principal component analysis,142,62,69,38,32
video frame interpolation,143,441,473,565,336
attack federated learning,144,329,388,1020,795
contrastive representation learning,145,325,229,1033,797
central processing unit,146,203,156,120,92
semi-supervised semantic segmentation,147,177,584,528,424
radiology information system,148,160,526,1041,800
probably approximately correct,149,127,90,146,85
bird eye view,150,542,512,602,776
end-to-end object detection,151,428,376,1036,784
point cloud completion,152,334,279,649,779
time series anomaly,153,260,580,703,684
grammatical error correction,154,256,301,121,160
temporal knowledge graph,155,255,306,550,580
knowledge graph embeddings,156,188,89,147,320
abstract meaning representation,157,179,262,274,177
self-supervised monocular depth,158,158,221,452,694
6d object pose,159,146,278,163,157
time series classification,160,118,102,59,134
adaptation semantic segmentation,161,104,137,213,606
wireless sensor network,162,97,60,41,29
deep generative model,163,73,54,62,31
multimodal sentiment analysis,164,336,533,777,455
hidden markov model,165,218,122,69,80
video instance segmentation,166,198,577,726,803
hierarchical reinforcement learning,167,199,151,66,68
learning natural language,168,172,170,149,278
network intrusion detection,169,129,226,145,223
particle swarm optimization,170,113,103,93,143
temporal action localization,171,107,205,315,302
representation transformer model,172,102,354,243,782
learning noisy label,173,103,219,270,303
reinforcement learning agent,174,68,125,116,126
state information feedback,175,583,353,419,496
control barrier function,176,361,440,275,798
rate-splitting multiple access,177,364,515,996,523
semi-supervised object detection,178,341,725,967,534
cooperative multi-agent reinforcement,179,335,206,271,807
robot operating system,180,289,150,281,220
series anomaly detection,181,259,571,725,732
convolution neural network,182,254,258,198,124
video representation learning,183,173,133,642,434
interpretable machine learning,184,156,253,539,371
aspect-based sentiment analysis,185,157,136,223,296
neural language model,186,147,81,80,95
binary neural network,187,131,117,317,138
domain adaptation semantic,188,108,143,237,492
intelligent reflecting surface,189,47,28,52,410
challenge future direction,190,550,723,393,439
navigation satellite system,191,442,393,432,438
class incremental learning,192,444,595,702,741
diffusion probabilistic model,193,412,945,961,790
structured query language,194,358,99,143,137
math word problem,195,268,534,679,363
linear temporal logic,196,207,161,153,116
neural tangent kernel,197,206,252,392,744
global navigation satellite,198,448,370,428,454
proximal policy optimization,199,394,222,202,237
video question answering,200,306,352,306,457
sign language recognition,201,204,135,397,506
visual place recognition,202,186,207,184,163
reinforcement learning algorithm,203,166,146,232,150
hyperspectral image classification,204,161,149,77,176
inertial measurement unit,205,153,263,478,440
machine learning technique,206,99,128,100,103
whole slide image,207,650,429,326,356
document-level relation extraction,208,450,423,774,799
latent variable model,209,454,185,195,133
facial action unit,210,453,235,332,314
learning neural network,211,305,230,151,127
novel view synthesis,212,257,351,778,422
masked language model,213,269,321,442,783
online social network,214,264,80,169,71
detection deep learning,215,185,164,258,101
medium access control,216,167,106,234,62
end-to-end speech recognition,217,130,261,103,128
graph convolutional neural,218,115,177,126,111
neural network approach,219,83,157,104,75
controllable text generation,220,1024,644,992,793
temporal action detection,221,634,934,562,620
reinforcement learning method,222,553,643,571,291
adversarial network inversion,223,545,927,988,785
source-free domain adaptation,224,427,702,984,959
speech recognition model,225,424,481,414,927
online continual learning,226,425,641,710,809
multiple object tracking,227,355,166,301,261
nearest neighbor search,228,342,448,226,212
object detection autonomous,229,352,348,391,461
medical image analysis,230,307,441,188,169
federated learning heterogeneous,231,299,397,773,644
markov chain monte,232,294,120,409,136
heterogeneous graph neural,233,272,349,993,651
gaussian mixture model,234,251,141,192,387
multi-agent deep reinforcement,235,249,212,92,281
speech recognition system,236,197,417,323,213
human motion prediction,237,176,237,299,283
medical image classification,238,171,347,581,650
frequency division multiplexing,239,137,153,112,70
open-domain question answering,240,139,194,273,480
answer set programming,241,84,77,72,59
contrastive learning framework,242,1010,920,981,961
fully homomorphic encryption,243,391,703,389,598
human-object interaction detection,244,308,199,656,388
machine learning system,245,303,187,97,204
chain monte carlo,246,301,119,385,139
efficient federated learning,247,243,270,615,960
transformer language model,248,214,286,246,962
adaptive semantic segmentation,249,210,496,775,632
language processing task,250,187,257,345,391
task-oriented dialogue system,251,175,233,203,472
weakly supervised object,252,154,183,152,149
orthogonal frequency division,253,134,163,115,72
federated edge learning,254,117,259,753,639
presentation attack detection,255,92,100,225,188
conversational recommender system,256,745,445,975,653
3d human motion,257,632,336,598,570
explainable machine learning,258,528,408,371,965
heterogeneous federated learning,259,524,892,945,964
supervised machine learning,260,527,225,353,608
topological data analysis,261,447,504,208,246
real-time semantic segmentation,262,384,291,175,190
singular value decomposition,263,387,227,283,141
multilingual machine translation,264,339,509,772,655
scene text detection,265,333,180,189,118
meta reinforcement learning,266,292,437,367,611
industry 4 0,267,302,109,177,379
multilingual language model,268,266,600,866,967
domain adaptive semantic,269,233,603,836,966
alternating direction method (multiplier),270,225,223,63,110
automated machine learning,271,222,181,156,351
multiple output communication,272,200,339,368,350
linear function approximation,273,195,340,530,579
decentralized federated learning,274,189,606,597,963
unsupervised person re-identification,275,150,422,314,389
scene text recognition,276,143,178,122,242
conditional generative adversarial,277,111,110,49,46
differential equation solver,278,1009,635,588,633
goal-conditioned reinforcement learning,279,954,796,867,970
optical coherence tomography,280,958,489,111,55
multimodal emotion recognition,281,778,550,592,397
application machine learning,282,699,633,214,244
online reinforcement learning,283,689,786,471,576
state space model,284,692,792,495,467
international statistical classification (disease) (related) (health) (problem),285,630,805,646,582
graph structure learning,286,647,943,706,969
empirical risk minimization,287,570,438,191,260
robust reinforcement learning,288,541,638,343,635
partially observable markov,289,488,159,494,144
optical flow estimation,290,544,165,697,132
knowledge graph reasoning,291,536,630,366,545
neural network graph,292,531,265,272,564
robust federated learning,293,445,598,595,968
connectionist temporal classification,294,435,642,269,210
camouflaged object detection,295,439,961,974,973
multi-hop question answering,296,440,412,308,599
face forgery detection,297,438,557,871,974
private federated learning,298,347,450,869,972
vehicle routing problem,299,366,167,359,402
contrastive self-supervised learning,300,348,273,973,971
aperture radar image,301,353,300,591,577
distributed deep learning,302,338,310,141,88
gated recurrent unit,303,337,296,244,264
non-negative matrix factorization,304,278,299,254,122
few-shot image classification,305,284,241,447,588
machine learning framework,306,281,191,248,239
3d pose estimation,307,234,131,268,215
neural network learning,308,240,288,215,114
neural network image,309,237,290,114,152
black-box adversarial attack,310,236,190,90,558
neural network pruning,311,226,162,206,437
point cloud segmentation,312,219,332,694,420
hand gesture recognition,313,211,293,242,581
global positioning system,314,194,798,127,97
machine learning application,315,152,335,461,288
deep transfer learning,316,149,192,123,167
training neural network,317,138,249,78,121
few-shot class-incremental learning,318,790,850,977,976
neural implicit surface,319,671,913,976,975
self-supervised speech representation,320,701,843,978,977
synthetic data generation,321,614,537,659,376
transfer reinforcement learning,322,615,446,394,316
health problem coding,323,619,873,747,631
learning point cloud,324,612,313,372,591
nonlinear model predictive,325,564,544,375,317
single object tracking,326,568,801,865,641
generative pretrained transformer,327,569,871,872,629
3d semantic segmentation,328,519,522,718,373
simple yet effective,329,434,390,522,640
weakly supervised learning,330,431,294,292,251
conversational question answering,331,365,337,395,530
task motion planning,332,370,338,513,262
question answering system,333,340,326,102,162
point cloud semantic,334,279,341,460,634
physical layer security,335,290,154,166,93
private information retrieval,336,285,224,87,51
efficient reinforcement learning,337,275,245,291,464
human action recognition,338,228,113,88,200
traffic signal control,339,229,386,148,421
multi-agent path finding,340,208,198,451,255
deep learning technique,341,215,127,319,294
message passing interface,342,192,105,129,83
question answering knowledge,343,174,325,178,449
green blue image,344,182,342,86,84
mathbb z p,345,1036,960,987,932
human motion generation,346,899,951,985,929
graph anomaly detection,347,909,991,983,623
operating system 2,348,977,911,459,525
multi-view 3d object,349,892,968,744,613
action unit detection,350,801,271,448,361
neural network learn,351,806,618,341,309
federated reinforcement learning,352,799,914,863,982
self-supervised vision transformer,353,780,1026,979,979
social medium platform,354,810,535,851,515
graphical user interface,355,798,232,252,193
representation reinforcement learning,356,807,400,500,956
machine learning survey,357,704,562,768,983
dense passage retrieval,358,646,883,986,930
adaptive object detection,359,624,234,493,628
artificial general intelligence,360,577,204,297,179
image style transfer,361,573,908,607,370
trusted execution environment,362,483,375,296,443
learning medical image,363,480,462,381,381
light detection ranging,364,484,327,382,625
observable markov decision,365,520,176,504,135
industrial control system,366,478,269,150,312
nested named entity,367,482,814,415,955
neural network verification,368,509,549,379,754
multi-user multiple input,369,490,653,878,313
echo state network,370,446,319,231,245
language model pre-training,371,433,345,497,980
shapley additive explanation,372,437,493,421,931
network anomaly detection,373,432,334,355,532
point cloud analysis,374,436,350,564,687
self-supervised contrastive learning,375,402,464,982,958
learning object detection,376,406,477,348,357
molecular property prediction,377,404,497,498,618
multi-label text classification,378,400,458,462,468
object detection point,379,405,236,256,516
pose shape estimation,380,363,316,583,536
nonnegative matrix factorization,381,372,284,235,194
machine learning classifier,382,367,804,386,654
federated learning non-iid,383,314,516,761,659
cloud semantic segmentation,384,317,466,499,617
transformer-based language model,385,332,454,873,981
reinforcement learning linear,386,310,528,754,531
time series prediction,387,331,344,501,243
lidar simultaneous localization,388,311,651,876,978
supervised object localization,389,295,343,464,526
few-shot semantic segmentation,390,263,470,849,957
self-supervised video representation,391,270,420,980,652
detection social medium,392,181,152,249,366
training deep neural,393,180,92,85,56
semeval-2022 task 11,394,1040,1027,972,941
joint communication sensing,395,1039,856,853,933
over-the-air federated learning,396,937,940,947,945
internet service provider,397,914,793,728,735
denoising diffusion probabilistic,398,871,922,989,936
continual reinforcement learning,399,874,842,376,737
3d shape generation,400,774,667,727,944
semantic segmentation model,401,791,809,854,509
transformer medical image,402,817,992,990,937
event argument extraction,403,746,813,991,928
data deep learning,404,697,555,303,485
fr echet distance,405,726,409,711,280
few-shot named entity,406,690,847,970,943
ad hoc network,407,712,250,140,87
aggregation federated learning,408,657,520,860,939
deep active learning,409,663,160,289,362
compositional zero-shot learning,410,664,1035,969,946
end-to-end speech translation,411,659,554,278,940
conditional variational autoencoder,412,661,981,856,507
asynchronous federated learning,413,660,791,897,947
learning time series,414,658,816,509,359
object detection model,415,551,687,412,745
image deep learning,416,585,404,277,241
learning wireless network,417,548,803,510,748
3d multi-object tracking,418,507,277,739,739
prediction machine learning,419,499,552,519,364
handwritten text recognition,420,511,690,578,504
video object detection,421,516,274,241,360
task-oriented dialog system,422,512,543,580,505
imperfect channel state,423,443,453,423,153
learning anomaly detection,424,409,561,573,447
resource description framework,425,395,116,197,73
detection aerial image,426,410,692,575,306
hand pose estimation,427,415,148,194,123
low-light image enhancement,428,419,811,858,746
neural network framework,429,417,276,266,273
social medium text,430,408,215,425,298
machine translation system,431,354,392,210,274
sparse neural network,432,327,243,516,275
mutual information maximization,433,321,126,378,750
multilingual neural machine,434,330,242,144,189
joint photographic expert (group),435,316,248,164,104
learning semantic segmentation,436,320,498,846,201
end-to-end automatic speech,437,280,660,325,299
multiple output network,438,286,275,352,100
acoustic scene classification,439,277,427,230,175
stochastic differential equation,440,283,563,293,938
federated learning wireless,441,262,538,417,934
rapidly-exploring random tree,442,267,666,377,529
constrained reinforcement learning,443,224,693,857,935
aerial vehicle network,444,212,418,351,105
differentiable architecture search,445,135,396,132,484
label distribution learning,446,1034,695,956,1022
vision language model,447,985,930,844,1029
dynamic point cloud,448,983,999,644,1026
training language model,449,980,1008,957,1023
change point detection,450,999,303,630,427
few-shot image generation,451,925,607,892,1025
detection remote sensing,452,928,355,888,521
rayleigh fading channel,453,934,1006,724,400
continuous sign language,454,924,709,813,1027
radiology report generation,455,931,825,949,950
license plate recognition,456,936,863,330,401
hypergraph neural network,457,858,1002,952,759
treatment effect estimation,458,864,507,757,726
learning 3d point,459,859,346,263,774
model inversion attack,460,865,837,883,729
se 3 -equivariant,461,879,990,959,1028
deep learning image,462,811,424,295,221
model reinforcement learning,463,808,698,657,300
leo satellite network,464,784,708,960,1030
infrared visible image,465,829,788,884,297
attention vision transformer,466,753,1004,948,948
mmwave massive multiple,467,748,807,638,527
open radio access,468,727,954,895,951
knowledge graph construction,469,717,799,481,767
video salient object,470,716,602,647,985
domain adaptive object,471,733,285,484,1024
dynamic graph neural,472,713,790,954,1018
finite state machine,473,626,902,631,374
learning computer vision,474,656,821,475,293
remote sensing imagery,475,653,308,526,413
heterogeneity federated learning,476,611,924,962,1031
wireless federated learning,477,628,604,707,1019
determinantal point process,478,655,302,236,269
-- extended version,479,667,403,951,417
robustness deep neural,480,603,508,251,301
optical wireless communication,481,592,882,958,594
3d hand pose,482,593,228,333,453
object detection aerial,483,598,783,755,762
federated learning model,484,594,910,894,942
shallow neural network,485,513,547,480,984
neural network deep,486,486,333,427,156
emotion recognition conversation,487,489,823,705,760
unsourced random access,488,452,452,469,954
survey machine learning,489,451,565,770,953
cross-silo federated learning,490,430,795,953,1001
data augmentation method,491,429,689,955,1021
1st place solution,492,455,358,779,1043
multiple access system,493,393,314,338,86
deep learning algorithm,494,390,402,179,198
classification deep learning,495,385,688,445,377
edge computing system,496,383,414,264,295
signal temporal logic,497,380,560,334,520
adversarial attack defense,498,388,406,486,392
temporal point process,499,381,897,433,372
detection point cloud,500,349,175,205,462
contrastive learning unsupervised,501,356,564,950,952
reinforcement learning policy,502,345,371,159,216
system machine learning,503,319,599,387,411
learning non-iid data,504,322,661,749,773
model natural language,505,318,500,487,305
semi-supervised domain adaptation,506,315,251,476,770
distributional reinforcement learning,507,326,442,336,524
learning graph neural,508,324,217,328,772
adversarial imitation learning,509,297,213,257,272
general data protection (regulation),510,298,121,117,158
attack graph neural,511,258,499,887,1020
neural network application,512,265,436,233,256
distributed machine learning,513,238,209,106,236
systematic mapping study,514,242,174,135,155
text style transfer,515,245,220,260,270
adversarial machine learning,516,220,172,218,231
gaussian process regression,517,227,118,255,375
attack deep neural,518,232,214,185,203
face presentation attack,519,209,444,491,489
communication-efficient federated learning,520,217,246,722,949
green blue depth,521,201,559,165,154
graph convolution network,522,168,280,262,728
latent factor analysis,523,1027,963,1025,676
visible image fusion,524,991,893,803,354
traffic flow prediction,525,996,701,763,671
detection graph neural,526,989,889,806,1039
self-supervised speech model,527,992,1011,995,1015
lifelong reinforcement learning,528,1016,838,543,674
language model code,529,987,938,693,1034
object detection network,530,917,830,793,998
real-time object detection,531,916,430,357,428
fourier neural operator,532,952,964,1030,994
reinforcement learning robotic (series),533,918,726,556,678
attack object detection,534,919,613,805,1041
american sign language,535,920,416,692,587
transformer weakly supervised,536,921,1033,963,1033
output channel state,537,880,722,669,1035
language model few-shot,538,881,877,1029,993
reinforcement learning graph,539,884,384,1027,992
dynamic range imaging (system),540,887,953,740,549
poisoning attack federated,541,889,717,965,1036
network multivariate time,542,895,729,964,690
language model fine-tuning,543,890,685,612,575
temporal graph neural,544,776,876,994,1017
scene flow estimation,545,755,385,229,552
large pre-trained language,546,783,1015,1022,668
network link prediction,547,820,711,645,1037
sign language translation,548,752,529,1028,540
singing voice synthesis,549,768,972,635,1040
point cloud compression,550,771,944,800,1014
temporal action segmentation,551,819,1014,791,999
equivariant neural network (approach),552,743,720,734,680
3d scene understanding,553,719,835,795,672
small object detection,554,738,716,621,688
lidar semantic segmentation,555,724,684,966,1038
learning disentangled representation,556,718,426,182,265
generic event boundary,557,720,1018,1031,995
model deep learning,558,639,541,541,334
class activation map,559,622,674,363,675
learning knowledge graph,560,636,449,622,683
c c ao,561,620,680,245,224
learning linear function,562,641,714,627,609
3d object detector,563,644,718,544,997
3d medical image,564,595,487,280,197
linear dynamical system,565,607,266,731,191
future research direction,566,599,730,538,343
aerial vehicle swarm,567,588,566,619,432
feedforward neural network,568,606,570,221,192
training deep learning,569,604,292,362,345
neural cellular automaton,570,602,885,968,1042
weakly-supervised semantic segmentation,571,589,381,641,423
health record data,572,529,382,465,346
temporal convolutional network,573,505,582,238,539
single image super-resolution,574,534,608,224,161
few-shot text classification (question),575,522,719,623,418
learning language model,576,526,956,733,681
network click-through rate,577,521,664,557,1016
stochastic shortest path,578,538,724,801,425
simultaneous speech translation,579,497,673,1026,991
deep reinforcement learning-based,580,525,727,1023,989
machine translation model,581,475,287,411,342
occluded person re-identification,582,422,881,689,723
controller area network,583,421,399,228,159
design space exploration,584,426,447,219,254
data poisoning attack,585,423,189,253,340
network traffic forecasting,586,476,475,616,996
underwater image enhancement,587,420,573,551,677
decision support system,588,392,138,220,178
generalizable person re-identification,589,403,574,730,990
differentially private federated,590,418,431,997,988
online convex optimization,591,413,731,437,338
cyber threat intelligence,592,359,721,663,689
industrial internet thing,593,343,524,443,557
adversarial domain adaptation,594,369,168,118,181
zero-shot cross-lingual transfer,595,362,669,1024,554
reinforcement learning environment,596,346,860,542,394
time series analysis,597,274,672,337,180
reinforcement learning autonomous,598,271,531,193,546
electric vehicle charging,599,239,663,845,414
video action recognition,600,248,295,176,253
machine learning pipeline,601,241,523,422,431
temporal logic specification,602,235,272,227,229
visual object tracking,603,244,267,181,311
unsupervised domain adaptive,604,223,517,807,724
answering knowledge graph,605,230,581,418,543
deep learning architecture,606,151,247,109,120
classification hyperspectral image,607,1026,1013,835,703
semeval-2022 task 2 (entity) (4) (model),608,1041,1028,1021,1013
sentence representation learning,609,1002,712,833,384
unsupervised video object,610,1003,707,624,292
social determinant health,611,982,976,1005,854
generalized reed-solomon code,612,1011,742,841,711
data case study,613,1005,654,435,416
point cloud denoising,614,905,743,534,544
unbiased scene graph,615,927,675,1038,1003
model federated learning,616,907,744,999,868
neural network dynamic,617,930,576,555,318
blind face restoration,618,926,862,1037,722
point cloud understanding,619,908,694,839,925
signed distance field,620,906,855,838,844
federated deep reinforcement,621,932,993,831,853
network change detection,622,922,979,789,569
contextual linear bandit,623,923,984,787,666
reinforcement learning task,624,888,683,606,572
neural network transformer (federated),625,857,1029,1002,845
online knowledge distillation,626,886,771,758,847
slide image classification,627,882,869,1004,848
natural language query,628,856,328,586,567
heterogeneous treatment effect,629,873,846,843,1011
recognition deep learning,630,877,593,157,565
multi-task learning framework,631,876,756,402,713
data augmentation graph,632,878,736,998,926
simultaneous machine translation,633,775,779,667,1009
connected autonomous vehicle,634,749,415,339,225
fdd massive multiple,635,751,776,309,290
robot motion planning,636,805,659,760,390
point cloud generation,637,813,740,643,600
weakly supervised 3d,638,794,439,832,852
non-autoregressive machine translation,639,795,433,563,851
local interpretable model-agnostic,640,797,297,401,452
morphing attack detection,641,785,853,1000,710
learning case study,642,788,486,505,409
prediction knowledge graph,643,792,750,490,841
generative language model,644,761,665,742,1006
category-level object pose,645,803,998,1001,843
optimization machine learning,646,781,395,457,667
face morphing attack,647,802,761,1035,563
optical remote sensing,648,827,670,449,559
attribute inference attack,649,765,921,1040,718
clustered federated learning (learning),650,670,912,842,986
data-free knowledge distillation,651,735,760,1034,1002
time-series anomaly detection,652,715,762,784,664
data augmentation technique,653,709,831,587,693
invertible neural network,654,688,468,559,720
self-supervised point cloud,655,705,905,1039,1004
unsupervised semantic segmentation,656,711,1001,1003,846
semantic image synthesis,657,732,583,712,850
interpretable model-agnostic explanation,658,731,289,400,450
neural network approximation,659,707,594,601,665
maximum likelihood estimation,660,676,662,613,222
privacy federated learning,661,696,494,812,1008
neural network adversarial,662,648,244,327,147
active speaker detection,663,665,985,696,842
model case study,664,616,679,788,474
large-scale language model,665,629,681,1032,1000
point cloud classification,666,581,330,211,716
extreme learning machine,667,562,510,216,205
improving adversarial robustness,668,572,443,407,535
transfer learning approach,669,601,377,261,444
machine learning inference,670,596,682,535,987
physic informed neural,671,563,952,834,849
learning heterogeneous data,672,552,845,814,1010
deep face recognition,673,591,610,546,232
autonomous unmanned aerial,674,590,677,312,561
anomaly detection localization,675,485,857,780,610
natural language explanation,676,496,699,752,555
base question answering,677,514,745,637,486
adversarial robustness deep,678,501,569,686,1007
localization mapping system,679,515,542,698,465
universal adversarial perturbation,680,508,455,321,551
feedback vertex set,681,543,588,446,233
deep learning inference,682,502,329,549,321
deep learning classification,683,495,590,455,568
edge computing network,684,462,465,439,584
open set recognition,685,463,413,467,436
neural network efficient,686,471,774,247,235
past present future,687,461,460,533,476
lottery ticket hypothesis,688,465,479,668,705
android malware detection,689,469,840,322,211
image semantic segmentation,690,474,491,618,601
camera pose estimation,691,467,841,369,230
wireless communication system,692,472,777,316,289
neural network quantization,693,468,575,370,319
quantized neural network,694,397,363,279,219
network weakly supervised,695,411,1003,403,475
unsupervised representation learning,696,396,195,201,165
deep learning system,697,398,186,113,102
causal structure learning,698,399,678,441,702
training graph neural,699,416,495,1042,1012
upper confidence bound,700,386,589,282,692
intelligent information interface,701,357,307,405,596
question answering dataset,702,309,461,532,478
geometric deep learning,703,282,700,515,497
rgb-d salient object,704,304,145,548,1005
learning image classification,705,293,419,552,352
learning deep learning,706,288,567,523,542
advanced risc machine,707,276,357,318,266
survey deep learning,708,287,202,525,196
network image classification,709,221,657,154,445
generalized zero-shot learning,710,213,188,429,277
network semantic segmentation,711,162,411,119,96
hierarchical contrastive learning,712,1032,989,941,827
3d generative model (reconstruction),713,1028,925,933,833
adversarial contrastive learning,714,1025,839,901,816
robust 3d object,715,1038,1025,785,658
robust representation learning,716,990,971,840,830
ad hoc teamwork,717,1008,980,1014,701
maximal independent set,718,988,942,540,250
framework natural language,719,1020,844,881,813
phase shift design,720,997,1023,792,902
reinforcement learning system,721,978,896,680,494
large-scale point cloud,722,1017,1040,593,679
sensing communication system,723,979,1017,915,820
object goal navigation,724,994,879,932,834
score-based generative model,725,995,936,928,835
satellite image time,726,993,895,576,636
knowledge distillation efficient,727,984,994,837,753
3d single object,728,976,918,934,831
multi-label image recognition,729,969,704,605,832
fusion 3d object,730,945,597,660,829
chinese grammatical error,731,951,995,938,828
video quality assessment,732,949,650,721,329
language understanding task,733,959,637,685,751
visual reinforcement learning,734,947,904,904,736
processing unit graphic (processing),735,943,410,404,518
active domain adaptation,736,942,894,917,810
framework deep learning,737,961,646,610,433
stochastic gradient method,738,971,785,290,768
misinformation social medium,739,966,802,907,493
scientific machine learning,740,950,686,818,865
clinical natural language,741,911,488,781,643
model text classification,742,940,829,735,765
neural network link,743,948,935,819,864
multimodal representation learning,744,946,553,709,708
hardware trojan detection,745,972,797,824,510
learned image compression,746,960,946,922,426
backdoor attack federated,747,968,794,1008,857
unbiased learning rank,748,953,568,796,624
model named entity,749,965,828,816,819
video moment retrieval,750,944,645,560,867
audio-visual speech recognition,751,974,1037,1011,419
disentangled representation learning,752,964,539,240,325
referring expression comprehension,753,901,536,611,446
multi-view representation learning (federated) (learning),754,963,781,1006,699
functional object-oriented network,755,957,1012,732,541
visual-inertial simultaneous localization,756,839,525,714,621
contrastive learning approach (better),757,861,903,912,821
virtual network embedding,758,867,1005,899,227
optimization deep reinforcement,759,863,634,477,763
graph machine learning,760,894,668,1010,859
language processing approach,761,868,806,716,818
intelligent reflecting surface-aided,762,885,891,826,856
zero-sum markov game,763,862,784,1013,861
6g wireless network,764,866,1041,604,863
joint source-channel coding,765,870,652,265,469
talking face generation,766,883,880,930,407
binary linear code,767,860,305,1012,324
visual inertial odometry,768,869,810,520,712
adversarial patch attack,769,852,572,797,682
joint channel estimation,770,875,697,817,839
analysis social medium,771,844,579,756,597
graph generative model,772,872,937,815,812
machine learning task,773,891,900,746,615
transferability adversarial example,774,893,639,678,451
minimum spanning tree,775,757,373,358,458
multi-person 3d pose,776,750,374,782,866
taxonomy future direction,777,759,764,918,487
space-air-ground integrated network,778,767,958,567,616
evaluation machine learning,779,747,713,708,537
model poisoning attack,780,769,1009,822,822
mmwave multiple input,781,766,909,825,730
single image deraining,782,764,482,529,369
distributionally robust optimization,783,763,884,570,733
rate splitting multiple,784,756,890,790,901
anomaly detection method,785,760,955,829,825
abusive language detection,786,758,648,545,622
self-admitted technical debt,787,812,676,766,860
universal domain adaptation,788,740,706,935,906
continuous action space,789,739,1034,750,396
iterative closest point,790,741,655,699,404
coded caching scheme,791,779,545,485,571
exploration reinforcement learning,792,824,379,310,695
natural policy gradient,793,821,1000,1018,837
siamese neural network,794,744,530,305,399
point interest recommendation,795,830,558,653,583
learning text classification,796,789,506,579,477
detection synthetic aperture,797,678,782,1015,717
reinforcement learning optimal,798,722,906,537,663
sustainable development goal,799,686,808,823,661
unpaired image-to-image translation,800,710,480,239,430
coverage path planning,801,669,471,512,709
network deep reinforcement,802,708,476,396,347
multi-label image classification,803,714,615,929,490
sound source localization,804,703,800,665,519
image manipulation detection,805,674,996,664,460
efficient neural architecture,806,695,428,324,403
multi-objective bayesian optimization,807,700,787,577,533
signed distance function,808,736,640,673,755
point cloud learning,809,681,815,701,719
self-supervised visual representation,810,682,899,628,905
reinforcement learning continuous,811,706,389,454,333
sensing image classification,812,702,977,794,562
temporal sentence grounding,813,680,987,827,855
automated program repair,814,677,888,506,386
private deep learning,815,728,647,609,553
learning robotic manipulation,816,683,1010,431,662
language model learn,817,698,1021,908,495
fine-tuning pre-trained language,818,729,948,925,903
reinforcement learning demonstration,819,694,898,798,657
autonomous underwater vehicle,820,631,315,307,171
brain tumor segmentation,821,652,671,399,94
head pose estimation,822,633,546,511,725
offensive language detection,823,649,231,662,714
payment channel network,824,608,527,715,648
large-scale multiple input,825,627,916,783,638
generalization reinforcement learning,826,651,434,736,637
network single image,827,645,362,212,185
explanation machine learning,828,635,196,584,415
capacitated vehicle routing,829,640,878,821,488
network rgb-d salient,830,642,367,971,811
learning label noise,831,637,789,802,815
network deep learning,832,610,505,496,383
heterogeneous information network,833,613,312,158,131
surface defect detection,834,654,1038,811,836
face image quality (learning),835,609,887,1009,858
conditional generative model,836,643,851,514,585
multi-objective reinforcement learning,837,575,715,566,602
visible-infrared person re-identification,838,561,859,820,862
attack machine learning,839,555,451,410,824
analysis deep learning,840,565,380,347,706
reinforcement learning adaptive,841,567,519,413,904
representation learning graph,842,566,658,450,566
model-free reinforcement learning,843,557,203,209,279
big data analytics,844,574,218,350,183
learning remote sensing,845,587,691,600,840
neural network solving,846,546,833,640,769
linear discriminant analysis,847,547,298,508,91
access network slicing,848,549,578,625,758
open information extraction,849,558,649,320,186
object detection tracking,850,582,425,456,257
attack face recognition,851,571,636,828,742
computational fluid dynamic,852,586,939,684,670
remote sensing data,853,579,360,488,328
multiple access channel,854,554,556,171,113
point cloud upsampling,855,578,901,661,626
internet thing iot,856,576,484,259,276
masked language modeling,857,530,812,1017,838
few-shot action recognition,858,492,728,926,757
canonical correlation analysis,859,503,211,172,263
informed neural network,860,481,975,786,900
reversible data hiding,861,532,501,344,330
neural text generation,862,487,492,434,499
relu neural network,863,540,309,288,479
meaning representation parsing,864,500,614,331,412
artificial intelligence system,865,533,612,671,604
network point cloud,866,477,197,311,358
neural network trained,867,457,551,300,441
face recognition system,868,458,421,424,382
artificial intelligence method,869,389,872,690,814
off-policy reinforcement learning,870,379,548,762,817
best arm identification,871,378,457,683,482
reinforcement learning model,872,401,322,547,353
federated learning system,873,382,503,830,826
detection machine learning,874,374,485,765,405
privacy-preserving machine learning,875,368,366,569,483
entity relation extraction,876,350,611,536,627
policy gradient method,877,344,359,207,332
robust point cloud,878,351,886,670,823
neural network compression,879,296,142,167,90
single image dehazing,880,291,435,483,151
social medium data,881,261,139,298,247
learning deep neural,882,246,238,217,218
analysis machine learning,883,247,432,466,331
multilingual bidirectional encoder,884,231,208,527,883
-- case study,885,216,372,364,607
intensive care unit,886,183,254,285,172
image representation learning,887,1043,751,674,619
team description paper,888,1031,768,521,897
concept activation vector (detection),889,1035,870,924,871
contrastive learning self-supervised (language) (learning),890,1033,983,905,919
tabular data synthesis (metric) (model) (0) (conversation) (model),891,1042,1030,923,880
neural network detecting,892,1037,849,855,508
retinal optical coherence,893,1030,1042,636,574
machine learning perspective (analysis),894,1029,949,677,589
stochastic neural network,895,998,966,700,660
anomaly detection model,896,1013,824,804,913
neural partial differential,897,1022,1031,861,879
language model semantic (neural) (transformer) (transformer) (system) (neural),898,1007,1043,916,917
deep graph learning,899,1019,629,852,882
score-based generative modeling (detection) (detection) (learning),900,1012,868,942,877
coherence tomography image,901,1006,1007,388,140
lattice boltzmann method,902,1004,865,713,721
channel estimation massive,903,1000,929,420,595
neural combinatorial optimization (3d),904,1021,965,939,908
representation deep learning,905,1014,832,743,393
domain adaptation learning,906,981,997,879,503
distributed deep neural,907,986,478,470,378
evolving data stream,908,1018,834,558,756
vision-based tactile sensor,909,1015,772,737,875
deep joint source-channel,910,1001,973,634,707
model neural network,911,902,514,882,691
active learning framework (semantic),912,903,941,572,590
distributed federated learning,913,962,758,927,700
age incorrect information (classification),914,897,931,880,878
machine learning workflow,915,973,970,695,697
maximization social network,916,915,617,682,517
model automatic speech,917,900,858,574,593
evolutionary multi-objective optimization,918,975,591,655,538
partial label learning,919,967,631,620,923
source software project (translation),920,896,1039,893,870
semi-supervised deep learning,921,955,710,553,448
anomalous sound detection,922,941,969,911,918
active learning strategy,923,938,974,764,547
deep learning library,924,913,923,561,869
policy reinforcement learning,925,935,928,769,406
stochastic linear bandit,926,933,780,745,884
software supply chain (model),927,912,848,937,885
message passing neural (learning),928,910,867,885,896
adversarial training robust,929,898,915,900,548
high dimensional data,930,929,759,507,749
detection transfer learning (adversarial),931,970,957,919,775
semantic segmentation transformer (survey) (model),932,956,1020,920,911
metal additive manufacturing,933,939,866,886,573
visually impaired people,934,904,1036,617,398
gradient descent algorithm,935,833,401,463,286
risk-sensitive reinforcement learning,936,831,749,874,395
representation learning framework,937,848,770,896,873
neural differential equation (transport) (detection),938,849,874,864,876
federated transfer learning,939,845,775,568,771
arbitrary style transfer,940,841,622,489,282
monte-carlo tree search,941,835,320,342,501
chinese named entity,942,834,621,374,514
learning generative adversarial,943,836,735,365,307
item response theory,944,851,854,585,892
learning model predictive,945,837,511,503,747
3d object tracking,946,855,656,1043,808
horizontal federated learning (discovery),947,832,1019,913,912
informative path planning,948,840,861,440,592
review deep learning,949,842,521,687,731
web ontology language,950,853,733,479,323
symmetric positive definite,951,838,822,430,459
anomaly detection multivariate (global),952,854,986,944,920
differentially private data,953,846,826,704,578
action quality assessment,954,843,827,808,685
multimodal machine translation,955,847,819,468,429
speaker recognition challenge,956,850,632,810,915
covid-19 case study,957,828,836,940,909
language understanding system,958,787,623,877,522
robust deep learning,959,762,184,383,367
network 3d point,960,826,407,361,308
multi-view 3d reconstruction,961,773,988,910,614
deformable object manipulation,962,772,947,914,456
neural network multivariate,963,825,962,943,910
monocular visual odometry,964,742,605,453,348
model knowledge graph,965,818,959,717,498
internet medical thing,966,816,619,582,881
machine learning classification,967,800,919,889,605
explainable reinforcement learning,968,782,628,654,887
3d instance segmentation,969,814,746,472,603
structural causal model,970,822,627,691,646
causal effect estimation,971,770,950,870,893
neural network node,972,777,753,458,894
private synthetic data,973,809,767,903,898
voxceleb speaker recognition,974,823,587,809,914
learning optical flow,975,815,624,518,335
synthetic training data,976,793,738,650,649
optical neural network,977,754,601,681,466
convolutional recurrent neural,978,796,378,180,108
byzantine fault tolerance,979,804,769,517,380
framework graph neural,980,786,1022,891,922
supervised temporal action,981,673,748,875,550
dynamic neural network,982,725,625,608,740
approximate nearest neighbor,983,672,387,676,199
sample-efficient reinforcement learning,984,687,616,771,500
monaural speech enhancement,985,685,734,652,512
robust machine learning,986,684,483,847,734
cross-modal contrastive learning,987,693,907,902,891
semi-supervised learning approach,988,721,852,658,890
deep learning natural,989,675,978,751,287
semantic simultaneous localization,990,737,737,651,473
commonsense question answering (series),991,691,532,531,907
model order reduction,992,730,626,633,267
socially assistive robot,993,734,765,720,899
reinforcement learning application,994,723,932,380,715
speech recognition error,995,679,741,474,645
semantic segmentation autonomous,996,623,739,589,528
combinatorial optimization problem,997,666,778,346,368
data center network,998,617,502,473,238
point cloud sequence,999,621,754,868,895
multi-task reinforcement learning,1000,625,467,729,669
